member_id,member_name,vo_no,cdo_name,member_status
M10001,Rahima Begum,2145,Nusrat Jahan,Active
M10002,Salma Khatun,2146,Arifa Khatun,Active
M10003,Ayesha Begum,2147,Farzana Akter,Active
M10004,Hasina Akter,2148,Jannatul Ferdous,Active
M10005,Roksana Parvin,2149,Nusrat Jahan,Active
M10006,Fatema Yasmin,2150,Arifa Khatun,Active
M10007,Shirin Sultana,2151,Farzana Akter,Active
M10008,Nasima Khatun,2152,Jannatul Ferdous,Active
M10009,Julekha Begum,2153,Nusrat Jahan,Active
M10010,Parvin Akter,2154,Arifa Khatun,Active
M10011,Mariam Begum,2155,Farzana Akter,Active
M10012,Nargis Sultana,2156,Jannatul Ferdous,Active
M10013,Momtaz Begum,2157,Nusrat Jahan,Active
M10014,Rubina Yasmin,2158,Arifa Khatun,Active
M10015,Khadija Akter,2159,Farzana Akter,Active
M10016,Laila Begum,2160,Jannatul Ferdous,Active
M10017,Amena Khatun,2161,Nusrat Jahan,Active
M10018,Sumi Akter,2162,Arifa Khatun,Active
M10019,Selina Parvin,2163,Farzana Akter,Active
M10020,Beauty Khatun,2164,Jannatul Ferdous,Active
